name,email,division
User 10,user.1-0@ons.gov.uk,BST
User 11,user.1-1@ons.gov.uk,AME
User 12,user.1-2@ons.gov.uk,DSC
User 12,user.1-2@ons.gov.uk,DSC
User 13,user.1-3@ons.gov.uk,PS
User 14,user.1-4@ons.gov.uk,EP
User 15,user.1-5@ons.gov.uk,AME
User 16,user.1-6@ons.gov.uk,BST
User 17,user.1-7@ons.gov.uk,EP
User 18,user.1-8@ons.gov.uk,EP
User 19,user.1-9@ons.gov.uk,AME
User 20,user.2-0@ons.gov.uk,DSC
User 21,user.2-1@ons.gov.uk,AME
User 22,user.2-2@ons.gov.uk,DSC
User 23,user.2-3@ons.gov.uk,BST
User 24,user.2-4@ons.gov.uk,BST
User 24,user.2-4@ons.gov.uk,BST
User 25,user.2-5@ons.gov.uk,BST
User 26,user.2-6@ons.gov.uk,DSC
User 27,user.2-7@ons.gov.uk,EP
User 28,user.2-8@ons.gov.uk,DSC
User 29,user.2-9@ons.gov.uk,AME
Elliott Phillips,elliott.phillips@ons.gov.uk,AME
